{
    "0": 0.4086471408647141,
    "1": 1.9533333333333334,
    "2": 0.7252475247524752,
    "3": 3.8051948051948052,
    "4": 2.5042735042735043
}